{
  "assetsByChunkName": {
    "vendors~app-account~app-confirmation~app-order": "chunk.75fb98aec7b6598a55d7.js",
    "vendors~app-account~app-checkout": "chunk.4fe3f65741c4d811d7c2.js",
    "vendors~app-cart~app-checkout": "chunk.2e543dd8b82ac28fd35b.js",
    "admin": [
      "admin.046a0d6aa2e12f85b07b.js",
      "admin.046a0d6aa2e12f85b07b.js.map"
    ],
    "app-account": "chunk.2e2ed0be4642e28dc617.js",
    "app-checkout": "chunk.21b02130fc57cb8f639d.js",
    "app-confirmation": "chunk.4460033052b8abd51cda.js",
    "checkout": [
      "checkout.cddb35107b1a897e887c.js",
      "checkout.cddb35107b1a897e887c.js.map"
    ],
    "storefront": [
      "storefront.6b5897867ce649dfb07e.css",
      "storefront.8fdec9f3b1174788dee1.js",
      "storefront.6b5897867ce649dfb07e.css.map",
      "storefront.8fdec9f3b1174788dee1.js.map"
    ],
    "vendors~app-cart": "chunk.4edbbefe3cee8b86212a.js",
    "vendors~app-order": "chunk.842868b76b922d175474.js"
  }
}