{
  "meta_title": "",
  "meta_description": "",
  "sections": [
    {
      "type": "banner-slider",
      "autoplay": 9000,
      "full_width": false,
      "slides": [
        {
          "start": "",
          "end": "",
          "img": "/img/uploads/banner_controle_samsung.png",
          "link": "/controle-remoto-ar-condicionado-samsung-db93-13553a-original"
        },
        {
          "start": "",
          "end": "",
          "img": "/img/uploads/banner_bomba_vacuo.png",
          "link": "/bomba-de-vacuo-12cfm-duplo-estagio-340l-min-1hp"
        },
        {
          "start": "",
          "end": "",
          "img": "/img/uploads/banner_helice_springer_2.png"
        },
        {
          "start": "",
          "end": "",
          "img": "/img/uploads/banner_compressor_tecumseh_7500.png",
          "link": "/compressor-rotativo-tecumseh-rg131-ar-002-ar-condicionado-r-22-7500-btus-110v-semi-novo-c-garantia"
        },
        {
          "start": "",
          "end": "",
          "img": "/img/uploads/banner_motor_ventilador_springer_duo_7k.png",
          "link": "/motor-ventilador-ar-condicionado-janela-1-20-127v-duo-7k-springer-gw25906135"
        }
      ]
    },
    {
      "type": "banners-grid",
      "banners": [
        {
          "img": "/img/uploads/box-mosaico-05.png"
        },
        {
          "img": "/img/uploads/box-mosaico-04_2.png"
        }
      ]
    },
    {
      "type": "banners-grid",
      "banners": [
        {
          "img": "/img/uploads/box-mosaico-06.png"
        },
        {
          "img": "/img/uploads/box-mosaico-03_2.png"
        },
        {
          "img": "/img/uploads/box-mosaico-02_2_2.png"
        }
      ]
    },
    {
      "type": "collection-shelf",
      "shuffle": true,
      "collection_id": null,
      "sort": "offers",
      "title": "",
      "headless": false,
      "limit": 12,
      "page": 1
    }
  ]
}